property_id,rent,maintenance_requests,income,late_payments,occupancy_rate,avg_tenant_score,high_risk
100000,1721.89,5,51505.58,0,0.84,710,1
100001,1184.01,2,50630.95,0,0.859,627,0
100002,1900.18,1,79877.2,1,0.95,649,0
100003,1976.23,3,64954.35,0,1.0,781,0
100004,819.59,1,56823.99,0,0.915,731,0
100005,1079.13,6,67480.79,0,0.993,704,0
100006,1651.14,0,28392.11,0,0.926,693,1
100007,1473.5,0,59353.0,0,0.953,660,0
100008,1593.28,1,89962.71,0,1.0,790,0
100009,1258.78,0,61985.2,0,0.933,718,0
100010,1951.76,1,61018.7,1,0.915,625,1
100011,1911.12,4,68221.93,0,1.0,586,1
100012,1626.41,1,73434.08,0,0.952,704,0
100013,2050.9,2,30038.0,0,1.0,667,1
100014,1787.0,3,34765.1,0,0.916,584,1
100015,1256.28,0,63154.37,0,1.0,696,0
100016,1747.5,1,49276.85,0,0.964,654,0
100017,1216.45,1,79680.38,1,0.972,702,0
100018,1951.38,1,55272.38,0,0.957,697,0
100019,1580.03,1,30982.04,0,0.925,634,1
100020,1526.06,0,40979.79,0,0.95,708,0
100021,1327.63,1,18754.86,3,0.928,640,1
100022,2089.02,4,56488.12,0,0.998,644,1
100023,1538.19,0,57174.24,0,0.94,638,0
100024,1428.67,3,53633.06,0,0.875,738,0
100025,1459.15,2,76183.19,0,0.866,653,0
100026,1812.92,0,77977.8,0,0.864,752,0
100027,1746.18,1,57444.17,0,0.981,777,0
100028,1765.09,5,27979.59,0,0.892,626,1
100029,1772.33,0,69259.22,0,0.965,495,0
100030,2456.66,2,68330.4,0,0.957,733,1
100031,1437.43,0,64640.87,1,0.947,649,1
100032,1395.1,1,74722.2,0,0.972,618,0
100033,1274.49,0,42527.58,1,0.958,635,1
100034,1846.39,4,90131.33,0,0.815,645,1
100035,2051.59,3,45608.58,1,0.934,748,1
100036,1554.42,0,71238.34,0,0.971,680,0
100037,1263.94,0,34689.78,1,1.0,747,0
100038,1270.21,5,46046.03,2,1.0,700,1
100039,1860.24,0,82745.53,1,0.882,651,0
100040,1897.3,2,56086.5,0,0.933,647,0
100041,1817.26,2,72598.84,1,0.872,704,0
100042,1333.8,1,63554.33,1,1.0,719,0
100043,1692.86,0,58425.63,0,1.0,730,0
100044,1646.67,0,80457.75,0,0.968,654,0
100045,1687.48,2,56450.12,0,0.958,681,0
100046,1948.57,1,33288.93,1,1.0,705,1
100047,1689.44,0,47951.4,0,1.0,647,0
100048,1871.57,3,68267.88,0,1.0,602,0
100049,1627.03,1,65932.64,0,0.973,622,0
100050,1715.65,0,36494.13,0,0.933,656,1
100051,1852.52,6,49134.86,0,0.988,710,1
100052,1017.14,0,51274.18,1,0.991,746,0
100053,1472.13,0,54517.96,1,0.94,589,0
100054,1411.85,0,39361.3,1,0.932,634,1
100055,1344.45,0,50574.43,1,1.0,649,0
100056,1489.94,2,49070.84,1,1.0,718,0
100057,2197.98,1,71573.0,0,0.913,638,0
100058,1253.67,2,72136.82,0,0.937,644,0
100059,1987.31,1,57812.84,0,0.968,585,1
100060,926.85,2,54119.4,1,0.974,699,0
100061,1466.05,1,62098.86,0,0.924,660,1
100062,1665.1,2,47751.37,0,1.0,631,0
100063,1834.49,2,42797.52,0,0.971,654,1
100064,1884.49,0,45896.68,1,0.977,738,1
100065,1917.34,1,50477.8,1,1.0,610,1
100066,1460.51,0,42547.89,1,0.928,620,1
100067,1415.06,0,62430.89,1,0.946,745,0
100068,1943.19,2,70945.74,0,0.887,675,1
100069,1523.48,2,36193.53,1,0.941,710,1
100070,1089.73,2,60376.93,0,0.876,694,0
100071,1146.69,1,56700.96,0,0.987,668,0
100072,1232.22,4,65122.63,0,0.971,649,0
100073,1798.86,1,59805.92,1,0.936,720,0
100074,1656.97,0,38196.01,0,0.945,740,1
100075,1876.19,1,41064.16,0,0.988,735,0
100076,1429.1,1,60441.35,0,0.893,599,0
100077,1663.42,0,75431.71,0,0.96,748,0
100078,1850.24,0,26787.19,0,0.985,649,1
100079,1476.26,1,65185.9,0,0.861,625,0
100080,1782.71,1,77844.33,0,0.984,660,0
100081,1335.23,1,57704.61,0,0.866,720,0
100082,1454.78,2,68253.04,0,0.944,702,0
100083,1447.3,4,49453.96,1,0.892,655,1
100084,1121.66,3,58209.51,0,1.0,720,0
100085,1794.79,0,35686.3,1,0.892,678,1
100086,1412.24,1,24834.85,0,0.867,636,1
100087,1605.0,1,74141.49,1,0.957,628,0
100088,1792.3,0,45225.08,1,0.929,695,1
100089,1778.61,2,53167.08,2,0.875,665,1
100090,1866.15,0,39203.37,1,0.976,587,1
100091,1560.61,1,38850.45,0,0.85,721,1
100092,1430.68,3,57392.43,0,0.898,641,1
100093,1568.11,3,49056.34,0,0.921,766,0
100094,925.07,0,65669.56,0,0.99,586,0
100095,1021.16,2,66788.08,0,1.0,659,0
100096,1070.92,2,64812.74,0,1.0,628,0
100097,1201.1,0,63579.01,0,0.942,611,0
100098,1759.91,0,83666.52,1,0.829,641,0
100099,1237.81,1,43986.09,1,0.97,776,0
100100,1448.73,4,59175.98,1,1.0,679,0
100101,2119.69,0,76990.35,1,1.0,622,1
100102,1457.49,1,78968.1,1,0.973,560,0
100103,1895.01,0,38673.55,0,0.891,567,1
100104,1226.55,1,55314.67,0,0.924,638,0
100105,1517.82,3,80371.82,1,1.0,632,0
100106,1219.99,3,67621.19,1,0.879,657,1
100107,1464.39,2,62928.95,0,0.893,534,1
100108,1936.12,0,56734.73,0,0.997,664,0
100109,909.07,1,54242.99,0,0.928,732,0
100110,1773.77,1,64323.29,1,0.891,767,0
100111,1695.09,2,56214.39,1,1.0,556,0
100112,1362.34,2,59361.32,1,0.973,622,1
100113,1021.58,0,61178.98,0,0.931,619,0
100114,1628.85,3,49828.93,0,0.893,679,1
100115,1388.2,2,67981.94,0,1.0,597,0
100116,1693.07,0,103713.67,2,0.949,771,0
100117,1608.74,0,33345.2,0,1.0,673,1
100118,2240.71,1,64860.19,0,0.995,663,0
100119,1504.26,1,48597.15,0,0.924,766,0
100120,1190.6,3,68661.04,0,0.924,669,0
100121,1671.71,2,60698.36,0,1.0,694,0
100122,1688.0,1,71427.82,0,1.0,625,0
100123,2143.68,2,77632.6,1,0.856,588,1
100124,1934.04,2,62886.32,0,0.977,633,1
100125,1742.75,1,76980.78,0,0.944,801,0
100126,2185.32,2,24835.53,0,0.898,708,1
100127,1124.49,3,83856.78,0,0.963,686,0
100128,1344.1,3,65625.93,0,0.883,611,0
100129,1229.37,3,76167.65,0,0.927,725,0
100130,1444.08,1,41701.86,1,0.91,589,1
100131,1049.33,2,47538.45,1,0.925,576,1
100132,1854.06,2,62189.07,0,0.946,636,0
100133,1511.11,0,59744.43,0,0.899,787,0
100134,1011.68,2,64246.03,0,1.0,784,0
100135,1193.77,5,76267.73,2,0.975,643,1
100136,1725.41,1,33521.7,0,1.0,630,1
100137,1935.25,0,74607.29,0,0.942,572,0
100138,2398.69,1,60124.23,0,0.923,675,0
100139,2765.54,1,56943.27,1,1.0,680,1
100140,1765.76,1,37933.27,0,0.921,717,1
100141,1204.18,2,67545.73,0,0.941,725,0
100142,747.18,3,23788.38,0,0.986,658,0
100143,1707.08,1,69725.91,0,0.888,703,0
100144,1274.82,1,37618.41,1,0.986,628,1
100145,1433.86,6,60801.87,0,0.979,702,0
100146,1355.16,0,58212.47,0,1.0,640,0
100147,1543.68,1,77543.07,0,0.995,698,0
100148,2026.39,1,57320.17,0,1.0,693,0
100149,1662.82,1,49587.92,0,0.944,674,1
100150,1536.55,0,52400.96,0,0.907,718,0
100151,1185.74,0,79093.24,0,1.0,576,0
100152,930.13,2,68044.45,1,0.874,606,0
100153,1405.48,2,54215.55,1,0.879,654,1
100154,1578.49,3,56453.3,1,0.978,583,1
100155,2307.17,0,36492.34,0,1.0,646,1
100156,1652.11,4,65827.11,0,0.959,648,1
100157,1993.1,3,33602.76,0,1.0,749,1
100158,1400.28,2,71276.95,1,0.85,679,0
100159,1126.02,1,61929.32,0,0.925,732,0
100160,1213.95,2,95804.28,1,0.856,688,0
100161,1309.91,2,43497.97,2,0.989,638,1
100162,2451.39,2,58460.07,1,0.873,678,1
100163,1271.45,4,86974.32,0,0.886,714,0
100164,1935.4,4,77870.84,1,0.976,742,0
100165,1238.83,1,49556.82,0,1.0,662,0
100166,1972.63,2,63359.51,0,0.942,571,1
100167,1753.98,2,60029.99,0,0.979,567,0
100168,1537.34,3,64229.34,0,0.977,650,0
100169,1583.69,2,49519.79,0,0.939,530,1
100170,1338.08,0,58660.19,1,0.895,778,0
100171,1778.43,3,36029.21,1,0.978,706,1
100172,1418.01,2,62026.85,0,0.981,632,0
100173,1109.76,7,66750.31,0,0.995,603,1
100174,1088.82,3,56588.71,0,0.966,732,0
100175,1669.04,0,35774.24,0,0.892,603,1
100176,2231.64,1,74827.98,0,0.985,609,1
100177,1664.0,1,65467.88,0,0.95,624,0
100178,1552.54,0,49109.77,0,0.926,677,0
100179,1714.33,2,55790.99,0,0.935,707,0
100180,2122.4,0,37489.96,0,0.915,742,1
100181,1687.75,1,44618.85,0,0.994,733,0
100182,1435.63,2,51932.83,0,0.879,670,0
100183,2042.52,1,78426.31,0,0.9,731,0
100184,1771.5,2,50407.45,0,0.934,630,0
100185,2214.3,1,69603.2,0,1.0,561,0
100186,1673.29,1,51925.26,1,1.0,630,0
100187,1110.21,2,63719.21,1,0.868,622,0
100188,1052.74,3,57879.07,2,1.0,632,1
100189,2260.37,1,73095.85,1,1.0,612,1
100190,2289.47,4,51977.83,0,0.891,642,1
100191,1528.19,3,36412.08,0,0.824,707,1
100192,1446.73,5,39270.76,0,0.946,773,1
100193,2184.58,1,52021.84,2,1.0,566,1
100194,1157.18,1,41264.1,1,1.0,593,1
100195,1242.11,1,66153.18,0,0.906,623,0
100196,1857.33,2,53013.48,1,1.0,716,1
100197,1442.16,0,95619.1,0,0.839,658,0
100198,1597.95,3,33934.28,0,0.932,627,1
100199,1534.62,3,63054.5,0,0.929,713,0
100200,1735.03,2,43080.7,0,1.0,727,0
100201,2162.99,2,52598.98,0,1.0,669,0
100202,1636.23,0,62121.29,1,0.998,621,0
100203,1857.58,5,25119.43,0,0.882,686,1
100204,779.93,0,63552.39,1,0.993,656,0
100205,1580.51,1,88543.61,0,0.975,656,0
100206,1262.71,1,53198.43,1,0.866,639,0
100207,1112.47,0,63897.12,0,0.847,725,0
100208,1248.74,1,75373.83,1,1.0,685,0
100209,1466.35,1,57540.7,0,0.941,732,1
100210,1966.36,1,51285.6,1,0.886,750,1
100211,1069.44,3,25863.95,0,0.94,698,1
100212,1612.25,0,69614.86,0,0.968,640,0
100213,1406.33,2,58302.47,2,0.946,732,1
100214,1468.93,1,44809.74,1,0.872,698,1
100215,2001.1,4,61898.95,2,1.0,826,1
100216,1815.25,1,51244.79,0,1.0,689,0
100217,2134.96,0,52073.61,0,0.933,712,0
100218,1538.2,3,69094.37,0,0.935,687,0
100219,1321.62,0,39924.26,0,0.968,664,0
100220,1510.46,1,75709.73,2,0.894,654,1
100221,1697.0,2,39034.71,1,0.966,688,1
100222,1670.63,0,50059.48,0,0.883,701,0
100223,1166.24,1,88844.19,0,0.946,739,0
100224,1636.2,0,76910.32,0,0.892,689,0
100225,1691.29,2,61464.06,0,0.894,642,0
100226,2606.99,2,45892.05,1,1.0,650,1
100227,2350.74,1,52060.92,0,0.953,591,1
100228,1258.7,1,61099.13,0,0.96,770,0
100229,1485.05,0,60562.85,0,0.849,638,0
100230,1014.62,0,58636.94,2,0.92,728,0
100231,1363.72,2,59537.51,0,0.973,687,0
100232,1726.24,1,56784.37,0,0.96,688,0
100233,2082.34,2,38370.32,1,0.842,663,1
100234,1308.37,1,52252.34,0,0.96,623,0
100235,1338.34,0,73719.36,0,0.968,612,0
100236,741.08,2,39474.99,0,1.0,774,0
100237,1534.93,1,57156.67,0,0.917,677,0
100238,1175.03,3,47703.69,0,0.838,738,0
100239,1388.22,1,61670.26,0,0.9,753,0
100240,1249.26,0,54170.5,0,0.895,645,0
100241,1562.29,1,82160.9,0,0.987,695,0
100242,896.91,2,67598.75,0,0.814,673,0
100243,1013.18,0,40322.95,0,0.928,601,0
100244,2451.7,3,70068.42,2,1.0,659,1
100245,1085.03,0,48380.22,1,0.95,705,0
100246,1161.29,1,51345.05,1,0.995,640,0
100247,2334.77,2,64707.29,0,0.868,651,1
100248,2762.03,1,52623.79,0,0.87,660,1
100249,1131.37,0,73392.84,1,1.0,797,0
100250,1452.7,2,48382.35,0,0.955,560,0
100251,1736.62,2,50715.8,0,0.955,700,0
100252,2291.48,0,50154.44,0,0.894,655,1
100253,1205.26,2,51515.42,0,0.955,632,0
100254,1501.89,7,76487.87,0,0.893,653,0
100255,1910.94,4,69431.94,0,1.0,710,0
100256,1773.91,5,85649.16,1,1.0,713,0
100257,1449.54,5,94014.66,0,0.974,681,0
100258,1546.47,0,44539.24,1,0.918,736,1
100259,1050.04,2,61056.29,1,0.823,746,0
100260,1504.73,2,42357.0,0,0.866,719,1
100261,1493.45,0,48335.91,0,1.0,637,0
100262,1692.87,2,50548.76,0,0.899,700,0
100263,1377.87,1,44142.68,0,0.931,700,0
100264,1788.62,2,44221.69,0,0.983,621,0
100265,2005.09,0,57835.73,0,1.0,576,0
100266,1662.17,2,41749.22,0,0.94,549,1
100267,1740.7,1,72631.9,0,0.93,674,0
100268,1621.26,1,46233.7,0,0.954,688,0
100269,1600.03,1,102143.53,0,0.919,599,0
100270,1311.38,2,53229.23,0,0.921,733,0
100271,1726.6,1,61080.26,1,0.971,679,0
100272,1561.09,2,40569.88,0,0.959,751,0
100273,2437.27,6,85591.38,0,1.0,692,1
100274,2229.34,2,76792.51,0,0.972,606,1
100275,1754.34,2,64453.74,0,1.0,697,0
100276,1294.78,2,39797.96,1,0.896,710,1
100277,1155.04,3,63160.0,0,0.976,637,0
100278,2076.46,2,43178.53,0,0.914,583,1
100279,1705.1,1,81935.33,1,0.97,676,0
100280,1792.06,0,72137.92,0,0.984,610,0
100281,902.17,3,61431.59,1,0.952,737,0
100282,1970.98,1,23454.37,0,1.0,646,1
100283,1781.77,0,45248.76,2,1.0,773,1
100284,1155.83,1,70316.42,1,1.0,543,1
100285,1411.39,0,78193.26,0,0.988,678,0
100286,1705.49,0,76637.55,0,1.0,756,0
100287,1620.99,0,36119.8,1,0.878,617,1
100288,1483.13,4,64523.28,0,1.0,660,0
100289,1558.6,0,75232.73,0,0.9,646,0
100290,1499.21,1,35124.97,0,0.922,629,1
100291,1661.03,1,59881.43,1,0.978,685,0
100292,2188.6,1,64107.64,0,1.0,592,1
100293,600.0,4,55488.53,2,0.892,663,1
100294,1505.26,0,32217.57,0,0.924,701,1
100295,1670.6,2,55114.53,0,0.955,657,0
100296,1718.4,2,55090.42,0,0.941,610,1
100297,1451.23,2,57778.91,0,0.993,732,0
100298,897.31,1,51547.93,0,1.0,714,0
100299,1731.2,2,53354.82,1,0.971,608,1
100300,2290.94,2,59404.41,2,0.913,592,1
100301,986.46,4,66636.82,0,0.885,613,0
100302,1945.53,2,55433.6,1,0.934,703,1
100303,1468.59,1,53855.27,0,0.903,687,1
100304,1575.47,1,61385.31,0,0.973,717,0
100305,1178.84,2,31186.26,0,0.973,650,0
100306,1466.22,3,67155.53,1,0.927,615,1
100307,2120.02,1,59991.55,0,1.0,725,0
100308,1833.06,3,60595.4,0,0.913,637,1
100309,2292.92,1,74411.01,0,0.944,681,0
100310,2070.96,2,30707.77,3,0.982,577,1
100311,1775.63,1,30392.49,0,0.995,636,1
100312,2297.57,0,64107.06,0,1.0,731,0
100313,1775.6,2,59893.25,0,0.971,627,1
100314,1931.2,1,62552.65,0,1.0,719,0
100315,1481.37,3,53068.09,1,0.917,530,1
100316,1626.62,2,69965.31,0,0.996,636,0
100317,1321.03,3,73989.58,2,0.995,660,0
100318,1995.83,0,67259.73,1,1.0,775,0
100319,1128.68,2,56087.57,0,0.867,600,0
100320,1912.94,2,28384.66,0,0.905,710,1
100321,1523.74,1,71538.54,1,0.991,733,0
100322,2068.5,0,78325.93,0,0.817,627,0
100323,1900.35,0,69668.38,0,0.975,648,0
100324,2328.26,3,46805.36,0,1.0,678,1
100325,1892.31,5,70106.92,1,0.921,581,1
100326,971.18,2,72907.95,0,0.928,643,0
100327,1573.22,1,83382.24,0,0.896,747,0
100328,1131.2,2,46858.35,0,0.924,701,0
100329,1392.69,1,56603.18,0,0.925,661,0
100330,2204.49,3,71209.08,0,0.916,677,1
100331,1855.01,3,60861.15,0,0.913,705,0
100332,1320.43,3,43240.09,0,0.936,716,0
100333,1194.51,0,66219.24,2,0.936,637,0
100334,1613.11,1,68679.92,0,1.0,762,0
100335,1113.38,2,61319.44,0,0.93,749,0
100336,1331.54,0,63293.77,0,0.967,711,0
100337,1724.8,0,56119.41,0,0.921,619,0
100338,2062.12,0,82174.18,2,0.921,609,1
100339,1843.5,0,46489.62,1,0.865,650,1
100340,683.48,1,51190.19,0,0.871,674,0
100341,1721.75,1,60164.78,0,0.89,564,1
100342,1628.81,0,73184.31,0,0.959,700,0
100343,1765.56,2,37539.4,1,1.0,747,1
100344,2246.48,3,40345.55,0,0.861,705,1
100345,774.7,3,29434.07,0,0.923,629,1
100346,1363.56,1,60490.43,1,0.882,622,1
100347,1836.36,0,43225.41,0,0.937,688,0
100348,967.36,1,54231.75,0,1.0,661,0
100349,2190.38,1,69920.67,1,0.928,697,1
100350,1747.34,1,50376.86,0,0.948,706,0
100351,1938.63,1,63469.23,1,1.0,736,0
100352,1371.62,1,55509.93,0,0.973,602,0
100353,1925.51,1,70081.71,0,0.912,683,0
100354,2027.39,0,67126.92,0,0.958,648,0
100355,1693.15,1,49620.99,0,0.909,664,0
100356,1693.76,0,57470.22,0,0.971,722,0
100357,1708.14,2,75656.15,0,0.976,728,0
100358,1254.66,2,65900.65,0,0.882,754,0
100359,1540.99,1,39045.57,0,0.959,696,1
100360,1538.99,1,69834.27,1,0.944,663,1
100361,1753.36,4,43730.84,0,0.977,655,1
100362,1999.93,1,81187.7,0,0.992,566,0
100363,1176.59,0,75361.48,1,0.974,750,0
100364,1550.0,0,64348.28,0,0.935,651,0
100365,2192.58,1,62358.49,0,0.997,700,0
100366,1302.56,0,56864.52,0,0.906,711,0
100367,1271.1,3,70177.86,2,0.884,595,1
100368,1680.92,1,54438.33,0,0.79,615,1
100369,1937.75,1,63533.55,0,0.946,763,0
100370,1604.57,0,73079.02,0,0.909,687,0
100371,2131.58,1,51572.9,2,0.97,635,1
100372,1942.72,0,50757.11,0,0.851,662,1
100373,1936.73,1,42084.52,1,0.918,735,1
100374,1821.65,2,44032.91,1,0.974,726,1
100375,2531.06,1,32574.07,0,0.899,582,1
100376,1517.94,1,70947.43,0,0.97,768,0
100377,798.59,0,87133.72,1,0.922,728,0
100378,2241.7,4,81379.93,0,0.948,661,0
100379,1416.92,3,35608.73,0,0.98,598,1
100380,1643.15,2,70872.82,0,0.998,733,0
100381,2123.82,0,81331.6,1,0.955,699,0
100382,959.1,1,53147.85,0,0.909,583,0
100383,1099.34,3,61521.71,1,0.927,656,0
100384,959.49,1,29881.6,0,0.982,850,0
100385,1282.35,2,64001.04,0,0.899,671,0
100386,1775.85,1,44046.6,0,0.941,625,0
100387,1809.68,3,62994.53,0,0.931,609,1
100388,1710.51,3,36581.96,0,0.945,776,1
100389,1034.89,2,68142.87,0,0.9,721,0
100390,675.96,3,75367.69,1,0.857,754,0
100391,1621.74,1,48252.3,1,0.976,685,1
100392,1411.29,2,42946.16,0,0.998,745,0
100393,1783.75,1,27659.65,2,0.86,619,1
100394,1880.78,2,56003.8,0,0.968,680,1
100395,1655.3,0,51276.09,0,1.0,687,0
100396,1904.05,0,36734.71,0,0.98,753,1
100397,1691.68,2,66795.28,0,0.929,689,0
100398,1812.03,0,53250.44,0,0.903,632,0
100399,1318.13,1,43863.96,1,0.954,674,1
100400,1528.16,1,51681.41,0,0.962,569,0
100401,1678.71,1,76069.57,0,0.955,531,0
100402,1928.21,3,69044.05,1,0.941,720,0
100403,1442.5,0,58049.61,0,0.896,648,0
100404,1808.47,0,69286.58,0,0.971,654,0
100405,1493.66,2,42586.32,0,0.974,720,0
100406,1552.98,1,60485.55,1,0.96,754,0
100407,1931.81,4,62209.83,1,0.956,702,1
100408,802.78,2,52952.45,0,1.0,786,0
100409,1081.41,1,66531.88,0,0.919,700,0
100410,1007.13,4,48293.5,0,1.0,688,0
100411,666.55,4,67647.31,0,0.913,684,0
100412,1328.69,2,68277.88,0,1.0,593,0
100413,1899.77,4,16242.6,1,1.0,727,1
100414,1486.05,1,77854.59,1,0.935,523,1
100415,1679.12,2,15000.0,0,1.0,635,1
100416,2035.69,3,50759.26,2,0.973,671,1
100417,2131.07,2,75380.22,1,0.906,623,1
100418,1572.34,4,55240.7,0,0.931,643,1
100419,2141.43,1,38007.21,0,1.0,780,0
100420,1636.85,1,43593.94,0,0.996,736,0
100421,1265.04,1,75403.59,0,0.897,629,0
100422,1362.24,2,31177.43,0,0.943,642,0
100423,1007.79,1,76934.87,2,0.96,593,1
100424,1244.75,2,59173.47,1,0.925,712,0
100425,1456.79,0,42114.07,0,1.0,655,0
100426,1921.43,1,51253.27,0,0.962,552,1
100427,2288.31,1,44741.63,0,0.947,676,1
100428,1047.13,1,72993.38,0,1.0,696,0
100429,1757.13,3,70986.42,0,0.932,728,0
100430,1183.78,0,34212.58,0,1.0,666,0
100431,1789.88,2,53946.12,0,0.867,648,0
100432,1547.57,3,47052.22,0,0.927,789,0
100433,867.64,4,79402.65,0,1.0,670,0
100434,1971.32,2,39748.51,0,1.0,713,1
100435,1358.0,4,84063.44,1,0.911,638,1
100436,1386.44,0,59500.58,1,0.906,711,0
100437,1172.1,0,42570.98,0,0.978,583,0
100438,1338.29,1,49840.89,0,0.919,642,0
100439,1771.16,3,47975.72,0,0.937,598,1
100440,1524.3,1,40880.72,0,0.994,634,0
100441,1731.46,1,61422.4,0,0.923,745,0
100442,1744.77,0,41581.27,2,0.852,633,1
100443,2128.26,1,27294.51,0,0.885,713,1
100444,1462.89,0,54304.85,0,0.95,761,0
100445,1009.26,3,32957.16,1,0.857,668,1
100446,2026.89,0,48717.59,0,0.935,730,0
100447,1467.4,1,46363.46,1,0.88,702,1
100448,2045.84,2,46931.76,0,1.0,677,0
100449,1753.35,0,90014.45,0,1.0,715,0
100450,1547.54,1,60846.17,0,0.897,780,0
100451,1739.51,1,63680.57,0,0.963,632,0
100452,2380.41,2,33354.03,0,0.902,612,1
100453,2430.79,0,50190.55,0,0.935,609,1
100454,1627.75,1,63229.54,1,1.0,730,0
100455,1664.08,1,44632.07,1,0.927,738,1
100456,2030.5,1,73620.94,1,0.936,638,1
100457,1261.74,1,41959.55,1,0.903,542,1
100458,1733.23,1,55704.51,0,1.0,630,0
100459,1589.65,2,51209.23,0,0.787,703,0
100460,1725.56,0,62464.81,0,0.928,666,0
100461,1266.65,2,50392.65,3,0.948,681,1
100462,964.17,4,55936.6,1,0.917,639,0
100463,770.81,1,56458.05,0,0.993,731,0
100464,1153.05,1,48984.18,0,1.0,691,0
100465,1416.53,0,67276.41,0,0.879,705,0
100466,1482.72,2,63575.83,0,1.0,680,0
100467,2374.89,0,58670.79,0,0.879,701,0
100468,2042.4,2,53543.12,1,1.0,698,1
100469,1215.16,0,71948.16,0,0.957,614,0
100470,1739.08,2,56462.49,0,0.925,692,0
100471,1437.17,3,55399.54,2,0.93,717,1
100472,1486.25,2,61570.35,0,0.948,739,0
100473,1674.13,5,85448.8,0,0.96,695,0
100474,1847.67,1,39894.66,0,0.904,612,1
100475,1464.3,0,71547.85,0,0.938,621,0
100476,2025.54,2,31602.43,0,0.911,644,1
100477,1143.22,1,63259.1,1,0.889,681,0
100478,1602.54,2,83626.24,0,0.909,663,0
100479,2639.07,1,67330.03,1,0.893,603,1
100480,1689.23,1,62559.38,0,0.929,602,0
100481,2173.29,2,51593.26,0,0.972,544,1
100482,1636.61,0,60465.71,0,0.956,483,1
100483,1832.31,0,56219.06,0,1.0,662,0
100484,1577.29,2,48210.35,0,0.839,809,0
100485,1531.84,2,55651.87,0,0.973,778,0
100486,1288.21,4,62975.72,0,0.95,611,0
100487,1772.12,0,48491.74,0,0.991,679,0
100488,1259.39,0,47905.77,1,0.986,582,1
100489,1866.23,1,39596.35,0,0.942,591,1
100490,2034.11,4,65860.88,0,0.959,598,1
100491,1746.61,1,68179.85,0,0.913,656,0
100492,1485.5,4,63474.91,0,0.981,659,1
100493,1781.59,3,74477.56,0,0.856,685,0
100494,1476.53,0,61318.01,0,0.989,710,0
100495,1974.22,1,65880.16,0,0.949,650,0
100496,867.44,3,64557.56,1,0.926,672,1
100497,1465.76,1,58626.9,1,0.938,604,0
100498,803.68,2,52037.67,0,0.942,589,0
100499,1001.98,0,93212.29,1,1.0,580,0
100500,2145.54,0,53220.74,0,1.0,709,0
100501,1958.07,2,50011.83,1,1.0,650,1
100502,1312.21,0,66510.15,0,0.922,558,0
100503,999.0,1,63777.82,0,0.981,666,0
100504,600.0,5,38928.13,0,0.984,595,0
100505,1382.6,0,76840.17,0,0.904,770,0
100506,2568.17,0,58587.08,0,0.887,635,1
100507,1773.95,1,43336.03,1,0.947,711,1
100508,1376.17,3,77831.76,0,0.99,735,0
100509,1786.03,2,69385.13,0,0.869,613,1
100510,975.62,4,41031.87,1,0.914,675,1
100511,1481.07,2,86657.74,0,0.979,703,0
100512,1639.79,1,69881.96,0,0.952,677,0
100513,1565.56,0,59847.06,3,1.0,692,1
100514,1916.32,1,83853.28,0,0.879,590,0
100515,1737.86,1,62389.47,0,1.0,703,0
100516,1867.33,1,59578.75,0,0.873,641,1
100517,1324.65,1,50095.5,1,0.849,691,0
100518,1959.13,1,68727.76,0,0.947,725,0
100519,2251.57,1,67149.04,2,0.893,710,1
100520,1211.94,3,60220.2,1,0.948,691,0
100521,1244.92,2,48150.2,0,0.946,709,0
100522,2134.31,3,61948.95,0,0.94,711,1
100523,1523.46,1,58953.02,2,0.908,760,0
100524,2161.53,1,39997.89,0,0.972,668,1
100525,1422.99,3,37922.81,0,0.934,680,0
100526,2182.02,1,68477.3,0,1.0,726,0
100527,1652.59,3,20971.68,1,0.941,641,1
100528,1703.29,0,63081.16,1,0.902,590,0
100529,2225.89,1,52828.75,0,0.866,700,1
100530,1455.29,1,79623.7,0,0.941,658,0
100531,1223.55,1,52597.98,1,0.887,598,1
100532,1420.57,1,69892.26,0,0.883,700,0
100533,1780.93,0,54046.29,0,0.976,756,0
100534,973.7,1,61706.22,2,0.861,572,1
100535,1854.99,0,71052.55,0,1.0,731,0
100536,1384.49,1,53061.66,1,0.958,518,1
100537,2059.13,2,74948.32,1,0.948,646,0
100538,642.3,0,45094.53,0,0.898,780,0
100539,1285.37,1,64418.89,2,0.988,650,0
100540,925.41,3,73839.6,0,0.95,675,0
100541,1269.51,3,69900.56,3,0.916,716,1
100542,1699.07,1,88746.67,0,0.96,567,0
100543,1528.31,0,48548.41,2,0.866,674,1
100544,1498.65,3,39312.76,0,0.868,674,1
100545,1536.33,1,45084.97,0,0.894,782,0
100546,1681.36,2,69906.64,0,0.967,596,0
100547,1196.59,4,67468.84,1,0.95,647,0
100548,1882.74,1,61533.85,1,1.0,614,1
100549,1865.07,1,43155.64,1,0.904,608,1
100550,1754.02,2,71503.01,1,0.979,738,0
100551,1822.61,2,41629.43,0,0.944,672,1
100552,1718.57,0,77384.24,0,0.903,637,1
100553,2414.03,0,102861.58,0,0.969,639,0
100554,1565.16,2,65496.77,2,0.947,636,1
100555,1477.17,2,68746.62,1,0.919,642,1
100556,1298.59,0,52607.1,1,0.952,594,1
100557,1187.09,2,32846.8,0,0.944,654,0
100558,1102.21,1,50959.21,0,0.942,648,0
100559,1244.48,4,43606.57,0,0.929,625,1
100560,1571.73,2,38294.93,0,0.885,679,1
100561,1733.72,0,85835.4,1,0.954,684,0
100562,1620.46,1,64092.94,0,0.91,637,0
100563,1293.79,3,65695.31,0,0.899,661,0
100564,1960.07,1,55364.66,1,0.938,800,0
100565,1895.77,3,57406.93,1,0.987,797,0
100566,1536.14,0,74468.26,0,0.959,607,0
100567,1338.83,2,59514.94,0,0.923,615,0
100568,1819.37,0,67960.41,0,0.921,606,0
100569,1675.19,1,57059.94,0,0.982,733,0
100570,1020.75,0,54867.71,1,0.83,646,1
100571,1572.81,2,38896.29,0,0.99,684,0
100572,1704.81,2,30333.76,0,0.856,790,1
100573,1240.12,0,56076.57,0,0.879,669,0
100574,1675.94,1,60847.45,0,0.924,712,0
100575,1018.07,2,40708.05,1,1.0,701,0
100576,2134.47,0,59482.88,1,1.0,635,0
100577,2099.18,3,60806.29,0,0.985,734,0
100578,1498.99,3,27659.88,0,0.968,619,1
100579,1745.38,2,46273.13,1,0.857,750,1
100580,636.03,2,66108.96,1,0.958,635,0
100581,1137.46,0,65805.88,0,0.923,641,0
100582,1482.49,2,42694.88,1,0.909,605,1
100583,1171.15,1,62376.72,0,0.958,615,0
100584,1885.76,0,75336.11,0,0.926,644,0
100585,2398.92,2,71656.09,1,0.993,524,1
100586,1129.35,2,58570.71,1,0.853,656,0
100587,1265.01,2,52980.36,0,0.954,640,0
100588,1694.18,1,50559.83,0,0.906,717,0
100589,2244.45,1,67017.3,0,0.93,695,0
100590,1111.05,3,62926.56,4,0.965,628,1
100591,1699.61,2,69441.06,0,0.894,642,0
100592,2328.52,2,61978.11,1,0.958,656,1
100593,939.3,2,72281.46,1,0.939,759,0
100594,1087.57,2,61418.89,1,0.917,621,0
100595,1430.56,1,71770.33,0,0.926,627,0
100596,1391.76,2,73062.34,0,0.942,602,0
100597,1925.04,1,47932.1,0,0.912,581,1
100598,1696.66,1,32877.84,0,0.95,688,1
100599,890.02,6,83152.39,0,0.936,682,0
100600,1806.16,3,63849.88,0,0.919,747,0
100601,1368.98,2,34282.71,0,1.0,732,0
100602,2109.78,2,49292.71,0,0.971,814,0
100603,1348.96,0,71578.11,1,0.931,666,0
100604,1345.35,1,55804.85,0,0.957,654,0
100605,1816.45,5,52319.08,0,0.899,592,1
100606,1905.17,1,81013.23,0,0.928,712,0
100607,1779.24,0,44290.69,0,0.934,677,0
100608,925.76,3,48027.7,0,0.888,709,0
100609,1815.21,1,63170.8,0,0.969,602,0
100610,1186.28,1,65856.82,0,0.925,691,0
100611,1694.11,2,67445.15,0,0.932,682,0
100612,1030.51,2,73668.57,0,0.922,678,0
100613,1778.53,1,62978.68,0,1.0,629,0
100614,1277.36,2,67340.76,0,0.917,741,0
100615,1086.95,0,56111.86,0,0.847,793,0
100616,1885.53,1,60940.47,1,0.87,603,1
100617,1696.66,1,61613.01,0,0.988,713,0
100618,1354.41,1,63226.47,0,1.0,497,0
100619,2180.47,0,71588.1,0,0.916,710,0
100620,1423.74,2,68327.19,0,1.0,558,0
100621,1612.84,1,60663.26,1,0.987,639,0
100622,1707.57,0,47863.11,0,0.941,591,0
100623,1352.13,1,61015.07,0,0.937,657,0
100624,1788.45,3,59579.73,1,0.959,720,0
100625,1386.62,1,62897.72,0,0.994,559,0
100626,1435.34,2,93097.88,1,0.97,648,0
100627,2145.06,0,52143.41,0,0.916,639,1
100628,1183.77,3,66334.34,0,0.941,765,0
100629,634.89,1,76026.93,0,1.0,696,0
100630,2244.37,3,61470.03,0,0.963,599,1
100631,2619.73,2,95067.68,0,0.993,642,0
100632,1437.89,2,54329.41,0,0.977,763,0
100633,825.26,0,64861.34,0,0.964,713,0
100634,1475.81,1,48017.91,0,0.955,615,0
100635,1485.51,1,54727.13,1,0.995,654,0
100636,1524.03,0,63734.01,1,0.986,656,0
100637,1154.64,0,72694.56,0,0.963,638,0
100638,1831.82,0,64786.42,0,0.915,567,0
100639,1809.8,0,78886.72,0,0.969,629,0
100640,1002.24,2,58575.52,0,0.947,753,0
100641,1879.68,3,55017.47,2,0.935,647,1
100642,2421.07,1,100559.78,0,1.0,664,0
100643,1668.78,3,65913.56,0,0.873,678,0
100644,1465.07,3,49207.78,0,0.998,803,0
100645,1543.2,1,49586.04,0,0.907,671,0
100646,1846.1,3,45859.8,2,0.957,736,1
100647,907.73,1,74048.54,2,1.0,634,0
100648,1665.76,0,54534.34,1,0.902,654,0
100649,1443.81,1,61910.44,0,0.914,671,0
100650,2339.13,1,59047.37,0,0.949,624,1
100651,1530.33,2,70972.39,0,0.908,658,0
100652,2267.16,3,47298.84,0,0.994,723,1
100653,1158.5,2,43866.42,1,0.923,622,0
100654,1834.9,0,63364.46,0,0.983,670,0
100655,1727.76,2,69014.39,0,0.884,713,0
100656,1252.38,1,64987.98,0,0.86,621,0
100657,1670.96,2,47858.19,1,0.939,736,1
100658,2085.01,2,70162.27,2,0.872,674,1
100659,1470.48,2,48842.09,0,1.0,660,0
100660,923.21,3,52176.92,0,0.874,550,0
100661,1592.97,0,45840.7,1,0.898,648,1
100662,1239.03,1,79517.38,0,0.971,692,0
100663,1463.06,1,69501.32,0,0.921,775,0
100664,1567.36,1,69074.9,1,0.874,704,0
100665,917.74,0,78708.17,1,1.0,738,0
100666,953.74,3,102189.74,0,0.9,597,0
100667,1792.83,0,34361.61,0,0.94,662,1
100668,1390.91,1,48924.35,0,0.94,743,0
100669,600.0,3,50757.37,0,0.986,617,0
100670,1913.94,1,47237.71,1,0.973,728,1
100671,1708.95,4,43836.25,1,0.909,714,1
100672,1314.45,1,55505.2,0,0.934,686,0
100673,1073.27,2,41750.94,1,0.939,650,1
100674,1934.32,2,65025.64,0,0.987,611,0
100675,1739.74,0,60775.47,0,0.892,777,0
100676,2553.04,1,67215.43,0,1.0,708,0
100677,1768.08,0,67615.93,1,0.912,690,0
100678,1755.08,1,69045.1,1,0.95,645,1
100679,1533.23,1,54398.87,0,0.892,672,0
100680,1926.71,3,91817.15,0,0.885,680,0
100681,1850.03,3,63516.47,1,0.906,694,1
100682,2100.69,0,32062.73,0,0.901,714,1
100683,1391.47,2,44964.36,0,0.929,623,1
100684,1425.84,2,33892.46,1,0.901,582,1
100685,1408.36,0,60260.02,0,0.985,675,0
100686,1916.32,0,58172.92,1,0.911,565,1
100687,2199.35,3,52973.61,0,0.905,651,1
100688,1416.46,1,90163.89,0,0.93,639,0
100689,1430.09,3,68234.74,1,1.0,700,0
100690,1725.63,2,70891.48,0,0.961,789,0
100691,1501.7,2,46033.9,0,0.945,553,0
100692,1980.82,2,45012.83,0,0.878,806,1
100693,699.29,1,60552.08,0,0.893,656,0
100694,1269.32,3,62595.11,1,0.886,691,1
100695,1287.03,2,32155.33,0,1.0,585,0
100696,671.86,1,57295.39,0,0.977,730,0
100697,1214.54,3,60211.08,0,0.907,672,0
100698,1233.94,2,56772.76,0,0.922,666,0
100699,1519.56,2,47799.14,1,0.909,554,1
100700,2045.19,0,51906.97,1,0.906,674,1
100701,1501.98,0,57347.11,1,0.973,721,0
100702,1187.67,0,61362.0,1,0.936,656,0
100703,1577.22,2,69071.87,0,1.0,740,0
100704,2019.67,1,76212.84,1,1.0,738,1
100705,1209.62,1,55584.78,0,1.0,632,0
100706,1235.77,1,53157.66,0,0.984,766,0
100707,1823.42,1,66564.84,1,0.929,673,0
100708,1511.39,2,69162.67,0,0.98,673,0
100709,1858.99,0,53486.99,1,0.933,676,1
100710,1594.54,3,71855.9,0,1.0,674,0
100711,1880.67,1,74693.78,0,0.97,512,0
100712,1185.97,2,79375.3,0,0.963,659,0
100713,1595.17,1,86674.81,0,0.956,588,0
100714,1515.72,1,47003.76,0,1.0,768,0
100715,1113.64,2,60208.47,0,0.878,765,0
100716,974.61,1,60169.17,0,1.0,721,0
100717,1874.3,2,58528.9,1,0.941,656,1
100718,1459.62,1,50261.06,1,0.88,610,1
100719,1191.09,1,37716.57,0,0.912,631,1
100720,1561.53,0,61390.19,0,0.867,787,0
100721,2051.21,2,48474.67,1,0.983,628,1
100722,687.7,2,61289.9,0,0.898,529,0
100723,1001.34,3,48089.35,1,0.958,732,0
100724,1230.85,1,43505.12,0,1.0,760,0
100725,2184.47,1,63514.48,0,0.916,770,0
100726,1713.03,1,62263.82,0,0.937,732,0
100727,1906.93,3,68689.23,0,0.885,742,0
100728,1143.94,1,92787.96,1,0.931,673,0
100729,1152.19,4,64159.34,0,1.0,545,1
100730,1779.13,1,67276.23,0,0.989,672,0
100731,1623.31,0,43836.58,0,0.937,707,0
100732,1819.5,1,40696.39,1,0.919,662,1
100733,1524.93,3,83742.44,0,0.948,659,0
100734,1711.26,3,46147.8,0,0.957,612,1
100735,1663.25,0,44340.84,0,0.929,610,0
100736,1911.11,2,59413.52,0,0.977,780,0
100737,1922.8,1,58647.11,0,0.902,782,0
100738,952.05,2,46462.4,0,0.902,670,0
100739,701.09,3,55425.4,3,0.969,687,1
100740,2000.7,1,78440.64,0,0.892,611,0
100741,2075.09,2,47910.1,0,0.986,709,1
100742,1191.75,0,39094.91,1,0.949,776,0
100743,856.07,1,74138.9,0,0.859,578,0
100744,1639.61,4,67384.45,0,0.955,698,0
100745,1972.34,3,50692.22,0,0.866,702,1
100746,2319.04,1,36267.49,1,0.985,702,1
100747,1806.52,2,48830.65,0,0.938,769,0
100748,1451.31,2,59179.43,1,1.0,792,0
100749,1242.75,1,77485.08,0,1.0,656,0
100750,1604.58,0,44451.27,0,0.897,710,0
100751,1480.29,1,58732.2,0,0.849,675,0
100752,1193.97,1,70127.17,0,0.912,632,0
100753,2419.5,1,24280.99,0,0.889,686,1
100754,2314.07,0,75506.79,1,1.0,710,0
100755,2054.42,2,42263.24,0,0.949,683,1
100756,1231.66,2,64979.93,0,0.997,617,0
100757,1942.01,1,63700.25,1,0.936,642,1
100758,1855.85,1,76268.8,1,0.941,643,0
100759,1777.02,2,68263.87,0,0.948,619,0
100760,2099.87,1,24340.64,1,1.0,689,1
100761,1854.15,1,48228.31,0,0.966,695,1
100762,1896.01,1,62073.08,1,0.897,729,1
100763,1854.76,1,57075.3,0,1.0,619,0
100764,1736.32,0,67164.16,4,0.935,635,1
100765,886.56,3,71840.5,1,0.927,763,0
100766,1633.45,1,69126.78,0,0.809,660,0
100767,1377.52,1,56785.88,0,0.982,672,0
100768,1088.06,1,32304.94,1,0.955,659,1
100769,2272.73,2,53167.78,1,0.955,738,1
100770,2291.6,0,66245.52,0,0.93,740,0
100771,2143.69,3,43643.29,0,0.921,737,0
100772,1702.09,1,69469.12,0,0.932,672,0
100773,2140.25,1,73625.9,1,0.973,618,0
100774,1604.82,1,61903.0,0,0.982,786,0
100775,1681.12,1,15000.0,0,0.938,721,1
100776,1162.61,2,40828.67,0,0.997,643,0
100777,1758.8,5,88292.84,0,0.946,755,0
100778,1624.15,1,51801.93,0,0.925,638,0
100779,1078.94,1,30237.85,0,0.96,755,0
100780,1579.52,0,78528.71,0,0.882,759,0
100781,1568.11,1,60200.33,0,0.962,615,1
100782,2319.02,2,76574.11,0,0.873,705,0
100783,1957.69,1,64154.38,0,0.899,717,1
100784,1604.58,2,66878.39,0,0.849,827,0
100785,1699.51,0,65445.14,1,0.941,625,1
100786,1617.68,1,70462.32,0,1.0,756,0
100787,1518.83,2,94161.46,0,0.944,671,0
100788,1167.03,1,74565.1,1,0.982,596,0
100789,1539.58,2,36294.91,0,1.0,663,1
100790,1301.56,1,66699.92,1,0.97,670,0
100791,1099.87,2,77122.21,0,0.912,606,0
100792,1804.49,2,78040.51,1,0.919,689,1
100793,1756.51,0,53600.93,1,0.95,727,0
100794,885.32,0,77474.17,0,0.918,684,0
100795,1550.93,1,73916.14,0,0.922,637,0
100796,1998.28,3,98587.76,0,0.999,661,0
100797,2023.69,1,48749.97,1,1.0,670,1
100798,2010.33,1,52388.99,0,0.868,683,0
100799,1615.57,3,55408.21,1,0.909,737,1
100800,1261.98,1,52646.67,0,0.927,686,0
100801,1166.52,2,46649.69,1,0.98,586,0
100802,1737.84,2,18559.87,1,1.0,636,1
100803,1751.71,3,53479.51,0,1.0,680,0
100804,2114.93,2,65540.37,0,0.927,737,1
100805,2039.99,2,52601.67,0,0.929,748,1
100806,1547.11,5,89030.72,0,0.979,776,0
100807,1102.32,1,60200.64,0,0.916,678,0
100808,1472.36,0,79365.44,2,0.943,716,0
100809,1686.89,3,63921.31,2,0.929,583,1
100810,1519.17,1,72396.11,0,0.819,696,0
100811,1368.84,1,64188.62,3,0.956,605,1
100812,1701.15,3,80531.77,0,0.941,666,0
100813,1398.42,3,60839.09,2,1.0,850,0
100814,1348.77,2,67441.81,1,0.95,688,0
100815,1724.58,2,65494.99,1,0.887,618,1
100816,1439.2,0,55675.72,1,0.937,694,0
100817,1697.64,1,66074.73,0,0.845,639,0
100818,1709.28,3,93515.79,0,0.889,612,0
100819,1144.23,1,55944.05,0,0.982,796,0
100820,1407.5,2,66291.97,0,0.938,734,0
100821,2175.11,0,78866.68,1,0.996,691,0
100822,1135.17,1,77103.8,1,0.852,646,0
100823,753.34,2,60175.75,0,0.938,651,0
100824,855.26,4,24249.17,1,0.926,763,1
100825,1611.64,2,67750.54,0,0.998,688,0
100826,1612.37,0,26707.89,2,0.984,485,1
100827,1552.96,1,82049.06,2,0.982,815,0
100828,2085.68,0,62542.11,0,1.0,681,0
100829,600.0,0,74995.11,0,0.932,691,0
100830,1758.37,1,46468.33,0,1.0,735,0
100831,2224.58,1,36712.39,1,0.898,698,1
100832,1148.89,2,63911.32,0,0.896,715,0
100833,1448.08,2,59495.95,0,0.988,645,0
100834,1298.84,2,52626.89,0,0.875,596,1
100835,1242.26,2,61269.92,0,0.979,687,0
100836,1469.5,1,101511.54,1,0.955,756,0
100837,2170.99,0,72517.88,0,1.0,631,0
100838,2334.95,0,75742.48,0,0.947,626,1
100839,1465.62,0,72659.05,0,0.953,743,0
100840,2362.02,0,82191.93,2,0.975,643,1
100841,1614.23,2,57148.92,0,0.917,645,0
100842,2301.48,1,29178.58,0,0.915,648,1
100843,1562.68,1,57171.21,0,0.974,666,0
100844,1652.42,1,72176.04,0,0.949,576,0
100845,1746.19,3,45452.99,0,0.93,638,1
100846,2871.54,1,57354.51,1,0.946,684,1
100847,1940.51,4,49623.45,0,1.0,683,1
100848,1317.09,2,82530.44,0,0.928,739,0
100849,1987.6,0,71241.86,1,0.926,780,0
100850,1455.27,0,69773.11,0,0.865,761,0
100851,1404.1,1,69324.02,1,0.948,725,0
100852,1963.44,0,59441.26,1,0.983,661,0
100853,1612.43,0,62963.34,2,0.992,633,1
100854,1711.43,1,42222.23,1,0.955,671,1
100855,1605.59,0,27203.37,2,0.998,705,1
100856,1734.63,1,62251.22,1,0.987,719,0
100857,1769.99,3,64859.85,0,1.0,707,0
100858,825.21,1,78138.97,0,0.999,663,0
100859,1866.63,1,83570.04,1,1.0,717,0
100860,1207.19,0,83549.98,0,0.942,746,0
100861,1023.08,1,45029.65,0,0.884,723,0
100862,1576.64,0,54716.02,0,0.983,668,0
100863,1633.59,2,67205.01,2,0.989,620,1
100864,1322.6,0,97978.57,0,1.0,619,0
100865,1932.41,0,82201.49,0,1.0,629,0
100866,1063.13,1,76790.96,0,1.0,685,0
100867,1437.22,2,54183.18,1,0.981,701,1
100868,1366.05,2,46752.01,0,0.961,585,0
100869,1581.37,0,71833.62,0,0.881,640,0
100870,1711.55,2,43490.08,0,0.965,685,0
100871,1196.84,1,56423.45,1,0.922,616,1
100872,1889.71,1,58278.33,0,0.961,696,0
100873,1625.2,2,83893.68,0,0.953,652,0
100874,843.22,0,54679.54,2,0.974,627,0
100875,816.56,2,23411.26,0,0.945,673,1
100876,1595.07,2,67566.67,0,0.997,694,0
100877,1511.61,3,49514.67,0,0.814,619,1
100878,1558.63,0,60639.47,0,0.959,655,0
100879,1588.81,2,58699.43,2,1.0,698,1
100880,1690.22,2,55894.44,0,1.0,624,0
100881,1979.06,3,71855.11,0,0.987,571,1
100882,1155.56,5,37007.03,0,1.0,578,1
100883,1131.21,2,52244.79,0,0.958,645,0
100884,1162.67,4,70260.57,0,0.95,591,1
100885,1715.57,0,50788.73,1,0.976,649,1
100886,2097.98,0,35867.9,1,0.95,770,1
100887,1427.46,2,70028.33,0,0.911,587,0
100888,600.0,2,76846.42,0,0.924,653,0
100889,918.4,5,59325.07,1,0.894,798,0
100890,1266.79,1,30587.32,0,0.976,694,0
100891,1376.91,3,70589.55,1,0.951,648,0
100892,1436.64,0,35101.68,1,0.932,661,1
100893,1615.43,2,64631.99,0,0.922,696,0
100894,1475.3,0,46688.04,1,0.975,772,0
100895,2019.74,1,42602.41,0,0.989,638,1
100896,1329.59,1,53371.35,0,0.893,625,0
100897,1255.07,2,57250.54,0,0.886,587,0
100898,1791.55,0,50336.88,2,0.998,676,1
100899,985.74,2,68830.55,1,0.881,586,0
100900,1755.88,0,53308.96,0,0.977,642,0
100901,1641.02,2,74702.86,0,1.0,615,0
100902,1541.02,0,64217.6,1,1.0,734,0
100903,2235.31,0,49536.64,0,0.987,639,1
100904,1351.12,3,47010.9,1,0.985,694,1
100905,2424.12,2,35287.56,1,1.0,574,1
100906,1509.83,0,64361.0,0,0.833,678,0
100907,1089.19,2,54681.19,1,0.927,598,1
100908,1627.97,2,24417.07,0,0.992,644,1
100909,1169.5,1,51964.28,0,0.933,803,0
100910,1299.3,2,46484.49,2,1.0,726,1
100911,1758.81,0,83635.16,0,0.948,662,0
100912,1822.23,3,34458.32,0,0.957,850,1
100913,1351.13,6,38379.74,0,0.936,615,1
100914,1994.96,1,76649.54,0,0.924,740,0
100915,2063.0,2,80351.45,1,0.923,578,1
100916,2174.52,0,48825.26,0,0.964,655,1
100917,1811.77,6,50518.71,0,0.911,589,1
100918,2145.37,0,69243.53,0,0.998,685,0
100919,847.68,1,25093.5,0,0.983,673,0
100920,1472.84,3,32082.09,0,1.0,652,1
100921,1253.2,1,55789.0,0,0.894,736,0
100922,1647.69,1,83248.36,0,0.865,636,1
100923,1371.42,2,53464.05,0,0.95,690,0
100924,1533.54,1,61514.05,1,1.0,719,0
100925,2352.87,0,77006.84,0,1.0,581,0
100926,1532.11,0,91603.27,0,0.922,625,0
100927,1765.52,3,51347.27,0,0.971,673,1
100928,1507.09,2,59747.45,1,0.986,708,0
100929,1630.29,1,87330.83,2,0.882,755,0
100930,1602.41,2,37167.01,0,1.0,657,1
100931,1779.33,1,75413.72,0,0.942,651,0
100932,2066.12,1,44725.27,0,0.945,618,1
100933,2258.96,2,61537.09,0,0.951,690,1
100934,1723.85,0,56360.71,0,1.0,652,0
100935,1835.82,1,45629.83,0,0.912,654,1
100936,1139.65,2,45253.47,0,0.865,664,0
100937,1564.85,0,64146.22,1,0.966,703,0
100938,1976.12,2,74933.09,1,0.848,636,1
100939,1946.39,1,58053.96,0,0.935,624,1
100940,1684.64,1,61051.7,1,1.0,696,0
100941,1954.56,2,68567.61,0,0.979,488,1
100942,1796.31,6,45425.72,0,1.0,634,1
100943,2080.12,2,71095.39,0,0.981,601,0
100944,1715.74,1,72290.15,1,1.0,742,0
100945,1457.72,1,99054.39,0,0.921,644,0
100946,1734.34,1,54358.44,0,0.97,636,0
100947,600.0,0,53128.77,0,0.928,667,0
100948,1753.15,4,71534.49,0,0.998,634,0
100949,600.0,2,72286.56,1,0.947,646,0
100950,910.61,1,51973.69,0,1.0,676,0
100951,1780.71,2,53952.56,0,0.923,645,1
100952,1791.01,2,68116.96,1,1.0,644,1
100953,1135.03,1,47586.24,0,0.98,609,0
100954,1315.16,0,53841.99,0,0.948,601,0
100955,2148.22,1,61343.89,1,0.977,674,0
100956,1406.39,0,74939.08,1,0.963,688,0
100957,2497.17,1,50931.02,2,0.968,584,1
100958,1599.23,2,32364.23,0,0.94,716,1
100959,1763.21,1,31251.04,0,0.915,716,1
100960,2246.75,1,41108.8,0,0.933,728,1
100961,1652.41,1,40302.48,0,0.866,688,0
100962,1199.06,1,57680.84,0,0.992,708,0
100963,1556.11,1,42166.8,1,0.888,801,0
100964,1585.76,2,49458.68,0,0.939,652,1
100965,1054.1,0,48388.71,0,0.982,607,0
100966,1497.67,1,53392.38,0,0.992,578,0
100967,1303.12,3,79837.56,0,0.861,775,0
100968,1969.74,2,69929.21,0,0.945,776,0
100969,1613.84,1,60241.94,0,0.973,615,0
100970,1486.88,2,53084.61,1,0.953,626,1
100971,1557.53,2,53501.51,1,1.0,651,0
100972,1689.25,1,64916.2,0,0.909,743,0
100973,1846.73,1,68762.54,0,0.848,593,1
100974,1200.12,2,46385.74,0,0.991,552,1
100975,1183.36,0,60547.21,1,0.923,800,0
100976,2041.87,2,29525.71,0,0.862,689,1
100977,1435.07,0,63175.71,1,0.942,697,1
100978,1033.26,2,71432.24,1,1.0,658,0
100979,1777.53,0,55798.97,1,0.887,698,1
100980,1785.35,1,87247.9,0,1.0,579,0
100981,987.71,0,46781.42,1,0.908,620,0
100982,1691.79,0,63261.61,1,0.954,676,0
100983,1894.23,2,59462.63,0,0.889,534,1
100984,1749.75,2,58495.53,0,0.952,652,0
100985,1852.79,2,58285.17,1,0.943,648,1
100986,1038.29,4,61606.58,1,0.876,652,0
100987,1732.42,3,72719.38,1,1.0,637,1
100988,1478.95,2,80666.04,0,0.925,610,0
100989,1406.88,3,59966.25,0,0.925,561,1
100990,1948.22,1,72229.74,0,0.998,679,0
100991,2191.71,3,49473.5,2,1.0,652,1
100992,2317.75,1,71489.33,1,1.0,587,1
100993,2125.92,1,48570.13,0,0.89,674,1
100994,1556.11,2,76359.9,0,0.961,652,0
100995,1741.09,2,93159.61,0,0.856,642,0
100996,1906.73,2,58168.74,0,0.995,541,0
100997,1648.47,0,27111.85,0,0.868,711,1
100998,1652.31,2,51778.91,0,0.91,596,1
100999,1929.5,0,78478.13,1,0.95,674,0
101000,1576.29,0,68296.15,1,0.972,622,0
101001,1308.29,1,63733.7,1,0.937,647,0
101002,1434.21,0,75130.03,1,1.0,739,0
101003,1853.56,2,67266.8,0,0.986,702,0
101004,1601.2,0,78265.88,0,0.982,738,0
101005,1736.08,5,73791.36,2,0.889,690,1
101006,1868.03,2,82825.51,2,1.0,694,0
101007,1450.06,2,65381.94,1,0.91,563,1
101008,1902.5,2,73578.89,0,1.0,651,0
101009,1751.54,2,55393.09,0,1.0,657,0
101010,1106.07,3,50978.09,2,0.976,743,1
101011,2176.92,2,85601.51,0,1.0,640,0
101012,1399.7,0,63243.07,0,0.796,686,0
101013,937.96,4,72073.21,2,0.94,684,1
101014,1181.98,2,61856.1,0,1.0,739,0
101015,1191.58,0,51202.27,0,0.996,662,0
101016,1620.87,2,60164.74,0,0.889,720,0
101017,1490.46,1,81539.91,0,0.935,568,0
101018,1465.27,3,68328.6,0,0.823,573,1
101019,1847.88,1,34327.9,0,0.971,533,1
101020,1735.95,2,56771.33,0,0.856,717,0
101021,1726.42,3,86734.41,1,1.0,710,0
101022,1763.93,1,56793.05,0,1.0,724,0
101023,1846.45,0,32992.82,2,0.926,629,1
101024,756.82,1,88395.73,0,0.976,636,0
101025,1454.22,0,70235.89,1,0.939,663,0
101026,727.92,1,58949.81,1,0.962,757,0
101027,1614.42,1,54428.73,0,0.893,772,0
101028,1598.15,2,76235.28,0,0.981,718,0
101029,2018.21,2,51870.25,1,0.868,690,1
101030,2075.05,1,77223.85,0,0.859,750,0
101031,1681.11,0,68132.93,0,0.944,655,0
101032,1399.86,1,63670.23,1,0.939,647,0
101033,1794.06,3,62182.72,1,0.964,662,1
101034,1388.83,1,57375.48,0,0.918,611,0
101035,1599.44,2,75684.6,2,1.0,659,0
101036,1994.45,2,47019.86,0,0.958,603,1
101037,1376.89,1,35671.12,0,0.962,732,1
101038,1922.27,1,69216.6,0,0.96,703,0
101039,1870.96,2,69468.57,0,1.0,756,0
101040,1218.08,3,67203.62,2,0.979,572,1
101041,1989.56,3,66115.93,0,0.972,784,0
101042,1879.43,2,55191.89,0,0.987,576,0
101043,1640.77,2,71812.24,0,0.859,598,1
101044,1295.07,2,59316.63,0,0.861,633,0
101045,1256.32,0,52693.3,2,0.946,748,0
101046,1384.93,0,55321.63,1,0.94,684,0
101047,1817.04,3,90309.6,1,0.979,655,0
101048,1217.75,3,33975.36,0,0.951,622,0
101049,1775.0,0,67496.82,0,0.979,587,0
101050,1103.3,2,34813.34,0,0.888,738,1
101051,1518.37,1,58376.5,0,0.949,718,0
101052,1643.86,0,53495.59,0,0.883,751,0
101053,2578.05,2,28724.58,1,0.969,694,1
101054,1049.07,2,65835.56,0,0.856,511,0
101055,2188.81,4,54299.43,0,0.967,595,1
101056,1659.94,0,28511.9,1,0.877,698,1
101057,1764.47,0,72593.52,0,0.931,648,0
101058,1647.34,2,81525.09,1,0.995,636,1
101059,1777.89,0,82351.87,1,0.961,604,1
101060,1538.53,1,65384.35,0,0.868,727,0
101061,2181.62,0,60690.87,0,0.916,697,0
101062,1417.41,4,79922.35,0,0.875,700,0
101063,2052.89,2,85235.75,0,0.865,632,0
101064,1342.25,3,77003.53,2,0.956,681,1
101065,1575.9,4,45876.94,0,0.978,590,1
101066,1171.21,5,63020.17,0,0.972,662,0
101067,1782.01,0,66592.74,1,0.98,518,1
101068,2178.05,3,32855.75,0,0.949,576,1
101069,1569.06,3,67040.41,1,0.936,651,0
101070,1521.25,1,94094.88,0,0.896,813,0
101071,1154.15,1,69599.04,1,0.928,562,0
101072,1508.28,0,82101.2,0,0.884,595,0
101073,962.88,0,62743.72,0,0.908,683,0
101074,1234.85,4,58901.73,1,0.954,776,0
101075,1690.71,2,65719.07,1,0.944,682,1
101076,2127.61,3,47762.6,0,1.0,712,1
101077,2723.68,1,45543.37,0,0.883,650,1
101078,1365.37,0,78994.57,0,0.944,639,0
101079,2174.12,3,80585.14,0,0.879,675,1
101080,1697.5,4,45133.41,0,0.931,631,1
101081,1539.5,4,74519.98,0,0.933,713,0
101082,1773.04,2,58695.6,0,0.992,574,1
101083,1624.77,0,65097.13,1,0.928,723,0
101084,1644.16,4,66903.28,0,0.94,672,0
101085,1436.67,1,74915.26,0,0.928,657,0
101086,1040.76,3,61240.77,0,0.88,571,0
101087,982.55,3,81152.43,0,0.917,611,0
101088,1861.3,2,64641.19,0,0.931,742,0
101089,1489.32,4,69362.76,0,0.954,657,0
101090,1361.56,1,47501.06,0,0.978,687,0
101091,1603.4,3,92379.89,0,0.938,617,0
101092,1917.97,0,67047.37,1,0.937,668,1
101093,1672.15,1,70694.96,0,0.864,588,0
101094,1337.58,1,35877.21,0,0.977,676,0
101095,2090.52,3,47659.47,0,0.915,692,1
101096,2231.67,2,78568.26,0,0.987,689,0
101097,1797.82,0,64303.37,0,1.0,616,0
101098,1989.47,3,31293.3,1,0.941,649,1
101099,2096.78,1,75574.35,0,0.899,702,0
101100,2052.04,1,51843.26,0,0.949,657,1
101101,1845.64,3,81169.75,2,0.967,653,1
101102,1839.34,0,58682.46,0,0.934,784,0
101103,1807.86,3,63070.6,0,0.922,613,1
101104,1161.06,1,77684.32,0,0.978,735,0
101105,1880.29,3,46537.61,2,0.975,601,1
101106,1057.67,1,45107.3,0,0.933,709,0
101107,1282.16,0,57052.52,1,0.867,712,0
101108,2121.43,3,72407.59,1,0.973,639,1
101109,1936.09,2,40036.84,0,0.912,597,1
101110,2194.96,0,34979.48,0,0.961,552,1
101111,1491.33,1,72355.81,0,0.958,633,0
101112,1139.1,0,50955.33,0,0.856,702,0
101113,1503.83,0,54116.61,2,0.954,605,0
101114,1640.81,0,32147.84,0,0.976,676,0
101115,1631.6,2,49815.31,0,0.982,581,1
101116,2053.47,1,59886.49,0,0.956,656,0
101117,1455.49,1,73955.67,1,0.851,601,1
101118,1740.81,3,48431.55,1,1.0,665,1
101119,1204.55,1,84860.64,0,0.971,640,0
101120,1780.13,1,49731.66,1,0.89,599,1
101121,1601.24,4,49753.62,1,0.911,630,1
101122,1300.07,1,83060.36,0,0.962,614,0
101123,1505.67,2,63171.9,0,0.984,591,1
101124,1526.33,1,51719.63,1,0.926,735,0
101125,1491.94,0,57673.0,1,0.991,648,0
101126,2308.54,4,80296.1,0,0.86,538,1
101127,1560.62,1,81993.04,2,0.898,633,1
101128,1502.44,1,47748.1,1,0.847,725,1
101129,761.02,1,59363.49,0,0.905,624,0
101130,1242.32,1,61352.35,0,1.0,760,0
101131,1494.77,3,45206.4,1,1.0,619,1
101132,1325.66,1,59164.72,0,0.962,700,0
101133,2152.68,2,60079.84,1,0.918,732,0
101134,1534.02,0,77103.14,2,0.939,697,0
101135,2115.38,3,78111.38,0,0.974,588,1
101136,1624.68,2,55061.86,1,0.872,613,1
101137,1614.89,1,56790.7,0,0.921,740,0
101138,1564.48,1,69964.38,2,1.0,622,1
101139,1601.52,3,51222.17,0,0.898,729,1
101140,2287.52,1,68829.6,1,0.913,644,1
101141,672.16,1,58681.4,0,0.951,678,0
101142,799.38,1,45459.02,1,0.964,587,0
101143,1382.73,2,45647.45,0,0.919,634,0
101144,1605.81,1,81705.88,0,0.954,617,0
101145,1876.04,1,57653.68,0,0.98,684,0
101146,1789.23,2,84605.31,0,1.0,676,0
101147,1446.3,0,52295.46,0,0.944,698,0
101148,2007.62,2,64368.08,0,0.948,641,0
101149,2012.08,0,95890.15,1,1.0,614,0
101150,1673.62,1,44139.2,0,0.923,681,0
101151,1985.06,1,31532.78,0,0.884,608,1
101152,1709.06,2,79298.85,0,0.963,735,0
101153,1375.41,2,47597.86,1,1.0,663,1
101154,1879.13,3,59689.4,0,0.968,650,0
101155,1644.25,2,51211.23,1,0.945,698,1
101156,1600.54,2,64022.44,0,0.878,665,0
101157,2189.18,2,45741.96,1,0.947,571,1
101158,619.65,1,57300.9,1,1.0,606,0
101159,1032.93,2,66747.23,1,0.888,733,0
101160,1125.17,0,44875.37,1,0.938,675,0
101161,1454.7,4,49498.74,0,0.931,569,1
101162,1498.16,4,54789.26,1,0.915,691,1
101163,997.07,0,38567.77,1,0.962,636,1
101164,1205.94,1,53661.59,0,0.972,618,0
101165,1255.66,0,61781.95,0,0.972,601,0
101166,2582.97,4,54006.77,1,0.901,730,1
101167,2320.7,2,55929.35,0,0.868,552,1
101168,1435.3,1,59701.47,0,0.963,620,0
101169,1454.57,0,50163.85,1,0.925,677,0
101170,1140.32,0,70365.94,0,1.0,765,0
101171,836.75,5,81539.67,1,1.0,703,0
101172,1553.25,3,53034.29,0,1.0,619,0
101173,1200.86,0,67277.97,0,0.903,762,0
101174,1566.06,1,56405.74,2,0.978,589,1
101175,959.92,1,65482.31,0,0.994,686,0
101176,1295.21,0,83486.69,0,0.988,699,0
101177,1659.45,0,67629.89,1,0.932,617,0
101178,1746.48,4,33398.78,0,1.0,712,1
101179,1766.99,1,66809.93,1,0.95,639,1
101180,1071.8,0,78492.96,0,0.956,712,0
101181,1941.87,3,56676.06,0,0.873,560,1
101182,1279.92,1,74934.52,0,0.982,690,0
101183,1853.14,1,49648.27,0,0.937,645,0
101184,1595.74,2,37716.91,1,0.973,739,1
101185,1049.45,1,62117.54,0,0.962,667,0
101186,1473.52,0,33652.85,2,0.959,745,1
101187,1746.15,0,56403.43,1,0.948,700,0
101188,1845.19,4,79302.63,0,0.989,662,0
101189,1543.6,0,31353.56,0,0.94,717,1
101190,2212.71,1,40807.55,0,0.877,718,1
101191,2003.0,2,44519.52,2,0.978,698,1
101192,1497.34,1,59050.2,0,0.91,532,0
101193,1900.05,1,54514.25,1,0.884,611,1
101194,2373.52,0,80987.05,0,0.899,753,0
101195,2384.19,0,74315.22,0,0.964,595,0
101196,1108.8,3,67429.09,0,0.945,723,0
101197,1229.39,0,62184.45,0,0.843,712,0
101198,2193.97,1,65898.45,1,0.931,626,1
101199,1176.69,0,47070.26,0,1.0,550,0
101200,1070.98,1,72858.16,1,0.927,636,0
101201,1405.52,0,43319.34,1,0.942,795,0
101202,1768.09,2,72530.65,0,1.0,618,0
101203,1559.04,2,77792.14,0,0.99,622,0
101204,1339.77,0,63162.97,1,1.0,610,0
101205,1330.32,3,57356.8,1,0.811,743,0
101206,1315.07,0,66004.65,1,1.0,655,0
101207,1248.2,2,17077.22,0,0.982,632,1
101208,2512.65,1,64533.87,1,1.0,755,0
101209,1719.0,5,58299.69,0,0.911,705,1
101210,1954.7,2,59240.58,1,0.862,615,1
101211,1404.37,1,70597.99,0,0.95,597,0
101212,1525.62,3,58878.47,0,0.936,739,0
101213,1314.58,0,42896.9,1,0.983,671,0
101214,600.0,1,57878.96,1,1.0,577,0
101215,1048.8,0,61013.33,0,0.946,563,0
101216,875.75,2,61724.01,2,0.938,603,1
101217,700.09,0,62428.79,1,0.976,596,0
101218,1121.86,1,75590.54,0,0.937,547,0
101219,2129.98,0,43709.48,0,0.933,604,1
101220,1582.23,1,62635.51,0,1.0,615,0
101221,2116.23,1,79348.95,0,1.0,642,0
101222,1764.39,1,33980.83,0,1.0,772,0
101223,1913.02,1,62694.7,0,0.942,654,0
101224,1239.64,1,51219.32,0,0.843,660,0
101225,1809.58,0,54439.34,0,0.943,701,0
101226,1891.49,1,46427.89,1,0.912,656,1
101227,1369.34,0,57456.74,0,0.944,694,0
101228,1823.82,0,87618.83,0,0.916,687,0
101229,1826.48,3,41033.54,0,0.949,677,1
101230,1380.18,3,42455.85,0,0.898,836,0
101231,1150.89,2,40470.98,0,0.886,725,0
101232,1126.35,1,85911.27,0,1.0,605,0
101233,1634.6,1,53064.9,1,0.902,692,1
101234,1730.8,0,59615.41,0,0.95,622,0
101235,1282.99,3,53958.26,1,0.998,697,0
101236,1610.63,3,45833.66,0,0.996,587,0
101237,1828.21,1,56472.74,0,0.99,604,0
101238,1847.28,3,96873.65,0,0.965,691,0
101239,2220.75,1,80881.06,0,0.986,730,0
101240,2110.79,3,47205.93,0,1.0,700,1
101241,1199.48,1,69713.61,0,0.971,721,0
101242,2273.43,3,47527.16,1,0.858,692,1
101243,1387.61,2,33354.49,0,0.924,680,1
101244,2017.95,3,75292.66,0,0.985,640,1
101245,1627.19,0,77401.39,1,0.919,719,0
101246,1435.14,1,75690.78,0,1.0,731,0
101247,876.92,2,52952.02,0,0.947,666,0
101248,1531.37,3,57498.36,1,0.954,663,1
101249,976.25,1,71246.48,0,1.0,765,0
101250,1986.92,0,65872.44,0,0.941,669,0
101251,2206.72,2,54095.44,0,0.959,675,1
101252,1281.24,0,35713.92,0,0.995,699,0
101253,1720.79,1,61708.13,1,0.876,664,1
101254,1309.84,2,76185.14,2,0.936,621,1
101255,1348.61,1,42036.18,0,0.991,693,0
101256,1909.8,2,69581.39,1,0.953,668,1
101257,1584.58,1,64973.13,0,1.0,781,0
101258,2295.86,1,71252.22,0,0.871,717,0
101259,1407.11,0,73079.63,1,0.865,634,1
101260,1999.73,1,49583.02,1,0.988,714,0
101261,1638.97,1,35745.61,0,0.993,688,1
101262,1918.31,1,51997.21,0,0.94,749,0
101263,1421.14,3,73336.91,0,0.97,639,0
101264,1580.18,1,51869.94,0,0.987,681,0
101265,1553.8,3,49589.35,0,0.909,664,0
101266,1265.58,1,32679.74,0,0.915,674,0
101267,1864.83,0,86289.71,0,0.959,617,0
101268,1860.1,1,72385.7,0,0.995,705,0
101269,1837.42,0,71548.44,0,0.892,695,0
101270,2214.79,4,74515.88,0,0.94,747,0
101271,2179.74,1,68650.63,1,0.938,669,0
101272,1450.02,3,56335.07,0,0.971,645,0
101273,1749.22,0,57543.54,0,0.95,717,0
101274,1350.56,1,53586.53,0,0.923,622,1
101275,1609.34,1,99521.11,1,1.0,735,0
101276,1360.1,0,68338.68,0,0.923,735,0
101277,2248.03,3,53042.99,0,0.935,745,0
101278,1745.48,1,66982.45,0,0.87,693,0
101279,1512.79,0,44836.97,2,0.914,641,1
101280,2077.45,1,82567.6,0,0.976,677,0
101281,731.75,1,50083.96,0,0.966,693,0
101282,794.36,0,67516.28,0,0.98,636,0
101283,1918.34,1,75989.66,0,0.978,750,0
101284,1624.19,2,65771.53,0,1.0,705,0
101285,1700.18,2,61417.05,0,0.913,616,0
101286,1069.44,0,60162.03,0,0.869,783,0
101287,1590.71,4,59153.38,0,0.897,676,0
101288,2401.4,5,51349.52,2,0.915,604,1
101289,1929.68,3,53257.75,0,0.901,620,1
101290,1667.88,1,82193.86,0,0.955,759,0
101291,1424.38,2,58371.95,1,1.0,779,0
101292,1442.17,1,48213.06,1,1.0,731,1
101293,748.32,3,52255.54,0,0.975,749,0
101294,1703.06,0,76505.56,1,1.0,743,0
101295,1938.19,2,70134.1,0,0.932,703,0
101296,969.75,2,68404.94,1,0.868,690,0
101297,1335.43,3,56137.18,1,1.0,702,1
101298,1137.01,2,68600.44,1,0.858,714,0
101299,1213.86,1,50346.58,0,0.912,626,0
101300,1621.39,2,56105.79,2,0.976,714,1
101301,766.24,1,74547.07,0,0.945,758,0
101302,1845.71,3,73114.17,1,0.94,658,1
101303,1901.54,1,45271.35,0,0.891,651,0
101304,1499.56,1,47167.1,1,0.949,699,0
101305,607.72,5,61630.53,0,1.0,631,0
101306,1201.43,4,85891.99,0,0.951,591,0
101307,2093.16,4,31266.52,0,0.908,739,1
101308,600.0,1,64174.99,1,0.888,643,0
101309,1460.99,3,39359.35,0,0.91,671,1
101310,1128.0,2,50485.04,0,0.97,633,0
101311,1921.83,2,54533.57,0,0.967,747,0
101312,1329.95,1,53692.37,0,0.91,721,0
101313,1761.58,2,51993.06,0,0.839,656,1
101314,1826.18,2,60108.11,0,0.971,599,0
101315,2334.49,1,51971.17,0,0.905,649,1
101316,1518.82,2,38063.14,0,0.984,704,0
101317,1750.42,4,71698.04,0,0.912,681,1
101318,1005.98,2,71293.08,0,0.901,677,0
101319,2076.17,1,72647.61,0,0.958,683,0
101320,1295.8,0,36888.98,0,1.0,716,0
101321,1375.7,1,64483.77,0,0.987,667,0
101322,1591.1,0,70139.68,0,0.957,697,0
101323,974.85,3,44531.97,1,0.968,611,0
101324,1691.51,2,60137.6,1,0.862,823,1
101325,1986.99,1,58256.0,0,0.894,653,0
101326,1717.17,1,87632.26,0,0.824,682,0
101327,964.44,2,88867.44,0,1.0,704,0
101328,1550.48,1,35034.65,0,1.0,645,1
101329,1896.81,0,97408.91,0,0.97,670,0
101330,848.8,3,46271.61,0,0.957,670,0
101331,1170.09,0,74710.1,1,0.872,615,1
101332,1950.62,1,74557.47,1,0.939,696,0
101333,1708.04,3,45064.65,0,1.0,571,1
101334,1764.79,2,67399.02,2,0.957,775,1
101335,2343.8,0,58386.99,0,0.922,718,0
101336,1787.42,0,68314.95,0,0.862,708,0
101337,1863.16,1,63460.08,0,1.0,566,0
101338,2684.3,0,77945.09,0,0.946,622,1
101339,1514.48,1,61130.99,0,0.862,753,0
101340,1280.85,0,57481.89,0,0.904,850,0
101341,1771.12,3,76440.96,1,0.886,742,1
101342,1775.6,2,68705.94,0,0.943,732,0
101343,1389.31,4,70977.2,0,0.96,701,0
101344,1187.04,0,50031.2,1,0.925,619,0
101345,2523.94,3,44321.06,0,0.989,730,1
101346,1730.74,1,51484.17,0,0.954,604,1
101347,1307.09,1,50687.68,0,1.0,597,0
101348,1966.37,3,71792.99,1,0.932,594,1
101349,1556.34,2,74639.76,0,1.0,729,0
101350,1498.85,2,57673.05,1,0.922,667,1
101351,1824.91,2,81463.79,1,0.905,676,0
101352,1083.25,4,80527.04,1,0.899,669,0
101353,1741.05,2,63650.98,1,0.939,602,1
101354,2365.18,0,47671.62,0,0.864,630,1
101355,1786.47,2,83630.65,0,0.965,633,0
101356,1449.52,2,59084.74,0,0.855,586,1
101357,1397.16,4,61892.48,0,0.958,640,0
101358,1435.86,1,54905.92,0,0.882,605,0
101359,1498.41,2,46653.15,0,0.931,705,0
101360,1448.88,1,37970.41,0,0.98,710,0
101361,1966.52,1,69493.02,0,1.0,592,0
101362,906.72,2,48248.98,0,0.896,652,0
101363,1944.8,2,105892.97,0,0.942,781,0
101364,1448.13,3,43708.9,0,0.914,611,0
101365,1750.78,1,41139.26,0,0.907,696,1
101366,1149.2,3,67652.08,2,0.914,676,1
101367,2131.45,0,82939.7,0,0.991,736,0
101368,2098.25,1,60968.84,0,0.926,688,0
101369,1983.84,3,68583.64,1,1.0,644,0
101370,994.1,2,32346.79,1,0.971,674,0
101371,1931.65,0,49837.33,0,0.899,675,1
101372,1761.94,1,43895.76,0,0.932,664,1
101373,957.89,2,31574.31,2,0.91,591,1
101374,1590.28,1,61754.7,0,0.99,745,0
101375,1745.81,2,26357.59,0,0.868,734,1
101376,1822.43,0,40167.06,1,0.883,607,1
101377,1670.9,1,51942.09,1,0.92,652,1
101378,1716.49,0,47530.71,0,0.984,656,0
101379,2189.44,3,65946.13,0,1.0,601,0
101380,2090.41,2,64583.7,0,1.0,558,1
101381,600.0,2,73406.98,2,0.976,630,0
101382,1473.02,2,71285.76,0,0.946,649,0
101383,1534.14,2,77112.19,1,0.99,584,1
101384,899.16,0,59971.22,0,0.893,681,0
101385,1637.67,0,64552.0,0,0.858,740,0
101386,2099.5,2,67672.71,0,0.972,721,0
101387,1165.37,1,62124.85,0,0.9,662,0
101388,1734.56,1,54042.09,0,0.947,560,1
101389,1233.67,0,55013.36,0,0.956,713,0
101390,1331.24,3,47736.62,0,0.962,679,0
101391,2190.96,3,66324.25,0,0.997,695,0
101392,1382.98,3,58589.77,0,0.992,786,0
101393,1784.88,4,50052.39,1,0.96,621,1
101394,851.51,3,50066.33,0,0.928,498,0
101395,2344.93,1,41844.02,2,0.955,607,1
101396,1841.06,0,74682.62,2,0.92,699,1
101397,1527.0,3,61179.27,2,0.94,672,1
101398,1830.22,4,47058.0,2,1.0,597,1
101399,1036.07,1,72128.22,1,0.959,585,0
101400,2073.01,0,51593.27,0,0.973,649,1
101401,1470.41,1,38902.49,0,0.915,595,1
101402,1518.37,0,75318.33,1,1.0,701,0
101403,1403.34,1,51943.55,1,0.988,645,0
101404,1367.74,1,53866.51,1,0.988,632,0
101405,1877.87,1,60617.7,1,0.961,625,1
101406,1702.36,0,77138.84,0,1.0,686,0
101407,1860.7,0,60300.56,0,1.0,673,0
101408,1596.48,1,42013.24,0,0.964,682,0
101409,1805.28,1,68158.16,0,0.944,681,0
101410,1432.46,1,52725.15,0,0.995,666,0
101411,2491.89,2,88318.86,0,0.905,608,0
101412,972.83,2,59983.2,1,0.914,626,1
101413,2104.37,0,26474.47,1,0.947,646,1
101414,2147.16,1,65360.47,0,0.863,794,0
101415,1259.14,3,89168.97,0,0.991,589,0
101416,2491.71,2,83638.8,0,0.902,645,0
101417,1998.2,3,87464.31,1,0.926,676,0
101418,1988.46,0,44703.6,1,0.939,652,1
101419,1611.21,3,73682.29,2,0.952,734,1
101420,1513.11,1,49170.08,0,0.933,651,1
101421,1516.24,2,63364.34,0,0.947,656,0
101422,1756.21,0,40905.71,0,0.947,719,0
101423,2160.47,0,50333.16,0,0.928,779,0
101424,1672.53,2,49856.3,0,0.911,754,0
101425,1235.42,3,73478.33,2,1.0,662,1
101426,1929.77,3,72010.79,0,0.845,667,0
101427,1968.46,1,64152.3,0,0.94,673,0
101428,1861.86,1,39743.68,0,0.927,679,1
101429,1898.2,2,55325.41,1,0.971,619,1
101430,1491.63,2,48808.25,0,0.877,726,0
101431,1228.4,2,73045.14,0,0.925,682,0
101432,1252.72,2,77672.77,0,0.945,667,0
101433,945.81,0,75845.78,0,1.0,594,0
101434,1694.78,2,48671.71,0,0.967,674,1
101435,1566.62,3,18907.0,0,0.891,556,1
101436,1424.0,1,33495.57,0,0.926,635,1
101437,600.0,3,81324.4,1,0.994,636,0
101438,1101.07,2,53981.18,1,0.89,687,1
101439,2048.34,3,48739.13,0,0.946,783,0
101440,1334.15,1,84639.9,1,0.95,704,0
101441,1744.24,2,78977.4,0,0.931,757,0
101442,1043.73,2,60366.73,0,1.0,709,0
101443,2175.48,2,55598.95,2,0.929,738,1
101444,1542.39,2,58018.48,0,0.972,781,0
101445,1716.02,0,63407.44,0,0.912,626,0
101446,2530.31,2,84000.71,0,0.976,622,0
101447,2206.58,5,66337.01,0,0.994,710,0
101448,1477.37,1,70890.44,0,0.921,670,0
101449,1362.71,1,77539.05,1,0.947,683,0
101450,1469.78,1,42454.86,1,0.905,655,1
101451,1803.96,0,71322.93,1,0.893,634,0
101452,1557.91,2,55581.47,0,1.0,767,0
101453,1441.9,4,22258.57,0,0.922,604,1
101454,2186.87,1,28077.46,0,0.829,711,1
101455,1554.32,2,44728.24,0,1.0,701,0
101456,2519.84,2,67968.35,0,0.91,575,1
101457,1636.3,0,61706.99,0,0.938,620,0
101458,2314.13,0,62765.5,0,1.0,630,1
101459,1742.93,0,89264.15,2,0.943,704,0
101460,1985.18,2,40963.66,1,0.942,648,1
101461,1310.16,1,59588.5,0,0.889,665,0
101462,1258.5,2,64566.53,1,0.868,583,1
101463,1783.88,1,48955.9,0,0.942,810,0
101464,1995.42,3,60424.9,0,0.968,674,0
101465,1616.1,0,36000.76,0,0.965,700,1
101466,1085.44,3,81148.59,0,0.926,638,0
101467,1055.9,4,49775.78,0,0.951,631,1
101468,1029.15,2,90471.0,0,0.858,785,0
101469,892.95,2,59512.89,0,0.973,555,0
101470,1643.79,2,75420.8,0,0.958,687,0
101471,2050.02,2,59200.46,0,1.0,597,0
101472,1594.63,1,59538.84,1,0.95,646,1
101473,695.83,2,51239.56,0,0.903,632,0
101474,1523.7,3,61786.86,1,0.947,611,1
101475,1534.88,2,64769.98,0,0.934,672,0
101476,2438.4,3,48236.12,0,0.972,516,1
101477,1017.14,1,58124.33,0,0.951,651,0
101478,1443.73,2,50848.52,2,0.887,665,1
101479,2282.34,3,94494.96,0,0.868,588,0
101480,1779.99,3,58654.04,0,0.963,761,0
101481,1825.33,1,83178.48,0,1.0,634,0
101482,1645.83,0,57065.67,0,0.954,656,0
101483,1731.98,1,63889.31,3,0.991,634,1
101484,1911.04,1,40179.54,0,1.0,665,1
101485,1276.21,0,53293.91,0,0.963,748,0
101486,1951.22,4,63158.02,1,0.909,818,0
101487,1050.8,2,83790.06,0,0.96,715,0
101488,1731.35,3,63329.74,0,1.0,735,0
101489,1671.5,1,80755.81,1,0.976,773,0
101490,1353.48,2,69610.94,1,0.987,685,0
101491,1590.93,0,84411.02,1,0.927,764,0
101492,1350.98,6,59114.37,0,0.94,718,0
101493,1171.32,1,95853.34,0,0.944,679,0
101494,1458.55,1,52719.06,0,0.947,691,0
101495,1158.4,0,48503.07,0,1.0,561,0
101496,1729.12,4,41849.21,1,0.833,688,1
101497,1139.97,0,94965.37,0,0.952,577,0
101498,1884.79,1,72291.71,1,0.946,572,1
101499,1127.41,1,54988.19,0,0.881,682,0
